{
  "shape": [
    16,
    32,
    2
  ],
  "no_mutate": false,
  "mutate_func": "gauss",
  "mutate_fraction": 0.15,
  "mutate_deviation": 0.5,
  "score_limit": 10000,
  "balls": 30,
  "population_size": 80,
  "childs": 3,
  "generation_count": 1000,
  "sandbox_width": 600,
  "sandbox_height": 600,
  "random_state": null,
  "best_nn": [
    [
      [
        -0.17997584242752715,
        -3.423476740087138,
        -3.2238363466714466,
        -1.949468952990829,
        -5.724550966427205,
        1.4120510069376673,
        1.5064620044063104,
        -1.4042600204129618,
        -3.8434954896350386,
        0.615656054195845,
        0.04074424538805199,
        5.2701043907753276,
        3.868768790931163,
        -6.537890786560395,
        4.750570606659803,
        1.1405976493608692
      ],
      [
        2.1921541994267337,
        -0.6519745706374205,
        -2.9369213639882177,
        2.3826487920212633,
        3.51396189019575,
        -6.306096387713994,
        1.0767233588195904,
        1.3236335117540674,
        -2.7838701795975043,
        0.23528356307225445,
        -4.630269062443804,
        1.068009560708765,
        7.826598870301606,
        -1.4964177956101168,
        -3.5831561352753503,
        0.4747192490161938
      ],
      [
        -3.053240013973138,
        -1.6725584530905602,
        1.9115229970819483,
        3.370751165923955,
        2.0979300450557217,
        3.03099311792735,
        -1.833067683565189,
        -4.784288286071149,
        2.2605877935992336,
        -4.838254473154306,
        0.08885327568775186,
        9.133098520890032,
        3.570267860643084,
        2.427408255610859,
        10.50360460759295,
        -0.06444254487845924
      ],
      [
        -2.910111182927858,
        -7.513062396471968,
        -5.069965856325602,
        0.3881928464392714,
        -0.6009336590234466,
        0.897429068559018,
        9.543331746493324,
        3.929974994045958,
        5.515255635862711,
        4.985098323918045,
        -1.9693602802495564,
        -1.5738132087453383,
        -2.1767554915263916,
        -2.7588547647668573,
        5.781049276289894,
        0.1824827226604928
      ],
      [
        -2.603909972629148,
        0.348375549893343,
        1.5494130629451939,
        4.401045669831684,
        -2.5462031536176877,
        6.136035790798833,
        1.8895290202965596,
        5.461879760679643,
        -0.17640647373084972,
        -1.3664223253247694,
        -2.9699783039611996,
        -3.1843090431255967,
        -2.958391492077449,
        -5.34343299863763,
        -2.240128107386106,
        -2.5286279709504833
      ],
      [
        0.5835344861975101,
        2.034385781368048,
        1.158098255636505,
        -9.703504242419688,
        -1.7379853198419073,
        5.242061013538301,
        -3.3415890429129087,
        1.285465680097606,
        11.217854860434699,
        -2.4305409922642607,
        2.902894692826616,
        1.6100407172741307,
        -0.9263842268328586,
        -5.024004672240194,
        -5.190695308878789,
        -0.6664320909320525
      ],
      [
        2.055274986565161,
        8.545908807671337,
        -2.7436806485265652,
        -8.841895979735277,
        -7.160684324469965,
        -1.095151328973979,
        -1.888255953042924,
        -2.11740059362058,
        1.4080986003796945,
        -6.103484256905561,
        5.877966530514023,
        2.8305624335753516,
        -7.250514456563641,
        0.6024714013329212,
        -4.142546975307957,
        5.103487423545581
      ],
      [
        2.2263299732958033,
        -0.6999486099829982,
        -0.46957307192030673,
        2.920161181934163,
        -1.1434556476513607,
        8.311271970559648,
        -0.3919370796459134,
        -3.215813688572354,
        -5.556983233655845,
        -9.27910839445332,
        -6.478237270433899,
        0.2162616110927409,
        -3.535325276040237,
        -0.4564808733472921,
        -0.14545611320252838,
        0.9960304148929695
      ],
      [
        -1.1892865824878953,
        6.800917340125529,
        -2.478819816587009,
        3.7201473765366426,
        -2.055481128057312,
        -3.7809206571148337,
        -4.139718368062244,
        7.347045700573929,
        1.0499167514880408,
        4.890329531354076,
        -3.7342500710765467,
        0.540847655024481,
        0.8356930944813344,
        -4.503876725613328,
        -5.253721877784897,
        -5.607064891099477
      ],
      [
        -1.46288165907758,
        -4.948602513603681,
        -6.5646460777495435,
        1.4770909790056237,
        -3.4560795230692536,
        -5.930568195779061,
        -8.181720409268824,
        2.5955004519555263,
        -7.6360886343984555,
        5.557007817861896,
        -1.7431555287885754,
        1.80358116604515,
        5.480809576632396,
        4.2687952506998865,
        -1.2651386214974831,
        1.729289969920413
      ],
      [
        5.93541252180864,
        4.188511447935693,
        -1.8059209635294715,
        6.967760944235532,
        1.426788638085694,
        3.4102448242621395,
        -6.4563160429511965,
        -6.43514328744085,
        -3.095360425605762,
        -0.6421836839292684,
        0.320351980081826,
        7.995641835141239,
        0.9062491823067789,
        -6.173346309562487,
        -4.088877982943253,
        -4.59483873341674
      ],
      [
        -2.0484769258045263,
        9.231921912132405,
        -6.493865609543987,
        -3.1224774196440404,
        -3.9475276237556116,
        5.563272369857654,
        -4.986719468948401,
        2.185907820781227,
        4.511979504315925,
        12.480690433017573,
        -2.3827083370696394,
        7.984487463846997,
        5.419557742515767,
        1.8616016042637442,
        -0.995703222756184,
        -1.8825042300457144
      ],
      [
        -3.140376804905949,
        0.37975068123953204,
        10.004922713176464,
        -0.5094684611060958,
        6.542141304041186,
        1.3896176528393496,
        2.4694401625351103,
        0.8997071863874668,
        0.09171764362958255,
        -0.27262697830200766,
        0.9161024569478676,
        2.3761071803683835,
        -2.9295854245872985,
        0.8774922405260741,
        -7.460056399793325,
        -4.521967885808118
      ],
      [
        -1.2647507060122611,
        4.237105501477139,
        2.233305838578423,
        2.679553818320849,
        0.0799561439988821,
        -8.486278625526797,
        2.643978536549045,
        -6.052967286314831,
        -3.9665269920276747,
        3.764305047769091,
        6.588716151914708,
        9.23760849650267,
        1.4019969208931362,
        -2.5026801771292604,
        -3.6416026297281126,
        0.7167430135412614
      ],
      [
        0.8741496754575486,
        6.313760734290898,
        0.6930754441021646,
        2.747810123134502,
        -1.986879766988916,
        -0.308259527097157,
        0.4360807794783842,
        -0.1991147924826669,
        5.184701693109926,
        0.7761775542302952,
        5.320523151591186,
        6.272418950929225,
        -1.2662814476742554,
        -5.482229057586603,
        2.0207607322062744,
        -0.8320812357354446
      ],
      [
        3.2138321425864445,
        -0.6220871082579634,
        0.7346981943892422,
        5.448545522490854,
        -0.5287992988442978,
        2.5217037042172072,
        0.6504617037512247,
        -7.286414456999403,
        -0.7295123473753953,
        -2.4223378827434745,
        -5.123401912823107,
        -4.540880657605994,
        1.233096950895071,
        -5.184806357139439,
        7.657261697156148,
        1.9878954653496745
      ],
      [
        -3.5904348098990693,
        3.9670346853020053,
        -0.9194310323711885,
        2.136214795326612,
        5.009550393289324,
        2.9806020722169286,
        12.627850601388696,
        1.2549403931440906,
