{
  "shape": [
    5,
    2
  ],
  "no_mutate": false,
  "mutate_func": "gauss",
  "mutate_fraction": 0.15,
  "mutate_deviation": 0.5,
  "score_limit": 1000,
  "balls": 40,
  "population_size": 80,
  "childs": 3,
  "generation_count": 20,
  "sandbox_width": 600,
  "sandbox_height": 600,
  "random_state": null,
  "best_nn": [
    [
      [
        -1.2877095650894292,
        0.3681926015125162,
        0.8216551270864,
        0.8711067269700639,
        -1.5500816581178394
      ],
      [
        -1.5223573032329272,
        -1.212323931196144,
        0.2069882546725672,
        1.073456286085781,
        0.2716625447270178
      ]
    ]
  ],
  "best_score": 563
}
